Date,Open,High,Low,Close,Volume
2017-03-30,6330.0,6370.0,6210.0,6210.0,20800.0
2017-03-29,6350.0,6490.0,6310.0,6350.0,35000.0
2017-03-28,6080.0,6350.0,6050.0,6350.0,40700.0
2017-03-27,6260.0,6260.0,6030.0,6080.0,20300.0
2017-03-24,6000.0,6350.0,5930.0,6260.0,31800.0
2017-03-23,5910.0,6130.0,5910.0,5940.0,18500.0
2017-03-22,6010.0,6100.0,5840.0,6010.0,44000.0
2017-03-21,6330.0,6380.0,6040.0,6080.0,44800.0
2017-03-17,6390.0,6450.0,6280.0,6330.0,25500.0
2017-03-16,6390.0,6650.0,6300.0,6390.0,58600.0
2017-03-15,6420.0,6420.0,6240.0,6290.0,29100.0
2017-03-14,6790.0,6790.0,6450.0,6450.0,38900.0
2017-03-13,6480.0,6880.0,6480.0,6630.0,49000.0
2017-03-10,6370.0,6600.0,6280.0,6490.0,51900.0
2017-03-09,6180.0,6400.0,6080.0,6340.0,48400.0
2017-03-08,6080.0,6110.0,5900.0,6080.0,26800.0
2017-03-07,6110.0,6160.0,5830.0,5900.0,36300.0
2017-03-06,6080.0,6240.0,5930.0,6180.0,42200.0
2017-03-03,5940.0,6400.0,5780.0,5880.0,96300.0
2017-03-02,5670.0,5940.0,5600.0,5900.0,59000.0
2017-03-01,5750.0,5750.0,5500.0,5620.0,33700.0
2017-02-28,5550.0,5700.0,5420.0,5600.0,19700.0
2017-02-27,5710.0,5770.0,5510.0,5530.0,36100.0
2017-02-24,5840.0,5900.0,5570.0,5710.0,30700.0
2017-02-23,5490.0,5800.0,5490.0,5790.0,57200.0
2017-02-22,5690.0,5750.0,5350.0,5410.0,72500.0
2017-02-21,5800.0,6150.0,5620.0,5670.0,68800.0
2017-02-20,5610.0,6480.0,5610.0,5950.0,114800.0
2017-02-17,5810.0,5880.0,5550.0,5700.0,61900.0
2017-02-16,5540.0,5570.0,5300.0,5410.0,73900.0
2017-02-15,4750.0,5270.0,4725.0,5240.0,96500.0
2017-02-14,4445.0,4730.0,4435.0,4565.0,49400.0
2017-02-13,4400.0,4510.0,4295.0,4425.0,38600.0
2017-02-10,4235.0,4370.0,4175.0,4210.0,27900.0
2017-02-09,4250.0,4450.0,4140.0,4240.0,40900.0
2017-02-08,4500.0,4500.0,4135.0,4245.0,36900.0
2017-02-07,4370.0,4370.0,4130.0,4240.0,30000.0
2017-02-06,4395.0,4550.0,4320.0,4380.0,14800.0
2017-02-03,4600.0,4630.0,4415.0,4425.0,30000.0
2017-02-02,4480.0,4650.0,4450.0,4525.0,47800.0
2017-02-01,4270.0,4470.0,4270.0,4455.0,26100.0
2017-01-31,4365.0,4440.0,4270.0,4340.0,16300.0
2017-01-30,4130.0,4500.0,4130.0,4435.0,57600.0
2017-01-27,4160.0,4195.0,4070.0,4160.0,22100.0
2017-01-26,4200.0,4230.0,4070.0,4170.0,27000.0
2017-01-25,3945.0,4190.0,3900.0,4140.0,52400.0
2017-01-24,3890.0,3970.0,3785.0,3875.0,15900.0
2017-01-23,3670.0,4005.0,3660.0,3890.0,23700.0
2017-01-20,3720.0,3745.0,3675.0,3675.0,8500.0
2017-01-19,3720.0,3745.0,3705.0,3715.0,10400.0
2017-01-18,3705.0,3725.0,3565.0,3715.0,15600.0
2017-01-17,3735.0,3765.0,3625.0,3625.0,13500.0
2017-01-16,3950.0,4025.0,3690.0,3735.0,38600.0
2017-01-13,3945.0,3985.0,3915.0,3935.0,22700.0
2017-01-12,3955.0,3980.0,3885.0,3910.0,29300.0
2017-01-11,4000.0,4015.0,3950.0,3950.0,18400.0
2017-01-10,3970.0,4090.0,3945.0,3970.0,25400.0
2017-01-06,3890.0,3995.0,3825.0,3980.0,20000.0
2017-01-05,4080.0,4085.0,3955.0,3960.0,32200.0
2017-01-04,4160.0,4160.0,4030.0,4130.0,18300.0
2016-12-30,4020.0,4090.0,4000.0,4020.0,15000.0
2016-12-29,4175.0,4205.0,4040.0,4070.0,24000.0
2016-12-28,4060.0,4255.0,4050.0,4245.0,42800.0
2016-12-27,4290.0,4300.0,4205.0,4270.0,30200.0
2016-12-26,4180.0,4270.0,4110.0,4265.0,24900.0
2016-12-22,4120.0,4165.0,4035.0,4065.0,13800.0
2016-12-21,4260.0,4365.0,4090.0,4115.0,27600.0
2016-12-20,4020.0,4280.0,3985.0,4260.0,41800.0
2016-12-19,4020.0,4020.0,3955.0,4010.0,20500.0
2016-12-16,3990.0,4030.0,3980.0,3990.0,20300.0
2016-12-15,3975.0,4035.0,3965.0,3990.0,27700.0
2016-12-14,3985.0,4060.0,3950.0,3975.0,14800.0
2016-12-13,4000.0,4015.0,3940.0,3970.0,24500.0
2016-12-12,4160.0,4195.0,4005.0,4075.0,26100.0
2016-12-09,4300.0,4525.0,4080.0,4110.0,75800.0
2016-12-08,3940.0,4275.0,3925.0,4250.0,71700.0
2016-12-07,3825.0,3915.0,3825.0,3895.0,18500.0
2016-12-06,3750.0,3880.0,3750.0,3825.0,16000.0
2016-12-05,3750.0,3860.0,3735.0,3740.0,17000.0
2016-12-02,3890.0,3900.0,3710.0,3785.0,50900.0
2016-12-01,3780.0,3960.0,3780.0,3950.0,62400.0
2016-11-30,3705.0,3890.0,3705.0,3710.0,48000.0
2016-11-29,3580.0,3850.0,3560.0,3705.0,60800.0
2016-11-28,3550.0,3565.0,3475.0,3555.0,33400.0
2016-11-25,3350.0,3575.0,3320.0,3550.0,58500.0
2016-11-24,3315.0,3340.0,3250.0,3335.0,18400.0
2016-11-22,3275.0,3295.0,3255.0,3280.0,6100.0
2016-11-21,3365.0,3375.0,3265.0,3275.0,15000.0
2016-11-18,3185.0,3295.0,3165.0,3295.0,19800.0
2016-11-17,3160.0,3210.0,3125.0,3135.0,13300.0
2016-11-16,3170.0,3195.0,3130.0,3170.0,18900.0
2016-11-15,3150.0,3270.0,3105.0,3235.0,30000.0
2016-11-14,3260.0,3330.0,3255.0,3310.0,10600.0
2016-11-11,3300.0,3300.0,3160.0,3260.0,14200.0
2016-11-10,3250.0,3320.0,3155.0,3290.0,19100.0
2016-11-09,3260.0,3300.0,2950.0,3130.0,60600.0
2016-11-08,3395.0,3410.0,3260.0,3260.0,17700.0
2016-11-07,3275.0,3365.0,3160.0,3345.0,31300.0
2016-11-04,3110.0,3235.0,3090.0,3180.0,15900.0
2016-11-02,3160.0,3245.0,3080.0,3130.0,38400.0
2016-11-01,3160.0,3400.0,3100.0,3210.0,60800.0
2016-10-31,3070.0,3195.0,3070.0,3090.0,42200.0
2016-10-28,3245.0,3275.0,3030.0,3110.0,136000.0
2016-10-27,3375.0,3445.0,3260.0,3275.0,27500.0
2016-10-26,3290.0,3400.0,3260.0,3375.0,25200.0
2016-10-25,3375.0,3400.0,3250.0,3310.0,37800.0
2016-10-24,3665.0,3725.0,3380.0,3410.0,44000.0
2016-10-21,3655.0,3780.0,3545.0,3720.0,39900.0
2016-10-20,3890.0,4050.0,3630.0,3655.0,80300.0
2016-10-19,3570.0,3950.0,3570.0,3840.0,95600.0
2016-10-18,3525.0,3600.0,3455.0,3560.0,56900.0
2016-10-17,3440.0,3535.0,3410.0,3520.0,53000.0
2016-10-14,3350.0,3490.0,3335.0,3380.0,66200.0
2016-10-13,3200.0,3365.0,3200.0,3315.0,79300.0
2016-10-12,3070.0,3255.0,3040.0,3255.0,74900.0
2016-10-11,3000.0,3120.0,2991.0,3090.0,31900.0
2016-10-07,2910.0,2996.0,2908.0,2984.0,24500.0
2016-10-06,3005.0,3010.0,2882.0,2918.0,22800.0
2016-10-05,3040.0,3040.0,2999.0,2999.0,17900.0
2016-10-04,3100.0,3160.0,3005.0,3070.0,51600.0
2016-10-03,3010.0,3080.0,2963.0,3080.0,71800.0
2016-09-30,2966.0,2997.0,2900.0,2997.0,46900.0
2016-09-29,2936.0,2940.0,2891.0,2920.0,67600.0
2016-09-28,2845.0,2861.0,2818.0,2850.0,60200.0
2016-09-27,2820.0,2820.0,2793.0,2804.0,14200.0
2016-09-26,2819.0,2839.0,2795.0,2805.0,30300.0
2016-09-23,2769.0,2834.0,2757.0,2795.0,25800.0
2016-09-21,2750.0,2771.0,2750.0,2769.0,10900.0
2016-09-20,2741.0,2780.0,2740.0,2743.0,31200.0
2016-09-16,2745.0,2790.0,2740.0,2770.0,12700.0
2016-09-15,2780.0,2780.0,2739.0,2760.0,16000.0
2016-09-14,2780.0,2802.0,2780.0,2782.0,14100.0
2016-09-13,2770.0,2832.0,2770.0,2813.0,31300.0
2016-09-12,2751.0,2780.0,2735.0,2751.0,26700.0
2016-09-09,2780.0,2837.0,2771.0,2794.0,32300.0
2016-09-08,2820.0,2835.0,2702.0,2799.0,53000.0
2016-09-07,2776.0,2890.0,2776.0,2866.0,94900.0
2016-09-06,2697.0,2774.0,2690.0,2774.0,49000.0
2016-09-05,2700.0,2729.0,2600.0,2690.0,74900.0
2016-09-02,2500.0,2845.0,2484.0,2700.0,146200.0
2016-09-01,2513.0,2530.0,2420.0,2530.0,27300.0
2016-08-31,2418.0,2543.0,2400.0,2543.0,59900.0
2016-08-30,2384.0,2396.0,2350.0,2389.0,78200.0
2016-08-29,2420.0,2470.0,2420.0,2430.0,7200.0
2016-08-26,2410.0,2432.0,2410.0,2422.0,4500.0
2016-08-25,2402.0,2436.0,2401.0,2410.0,5500.0
2016-08-24,2440.0,2440.0,2401.0,2402.0,10700.0
2016-08-23,2441.0,2449.0,2441.0,2442.0,5000.0
2016-08-22,2418.0,2447.0,2411.0,2438.0,10800.0
2016-08-19,2400.0,2435.0,2391.0,2411.0,8800.0
2016-08-18,2418.0,2418.0,2377.0,2400.0,6300.0
2016-08-17,2420.0,2420.0,2390.0,2403.0,8600.0
2016-08-16,2500.0,2500.0,2407.0,2418.0,8500.0
2016-08-15,2600.0,2610.0,2473.0,2503.0,40500.0
2016-08-12,2225.0,2319.0,2225.0,2300.0,2000.0
2016-08-10,2345.0,2345.0,2203.0,2226.0,1400.0
2016-08-09,2197.0,2295.0,2146.0,2295.0,3900.0
2016-08-08,2251.0,2251.0,2105.0,2197.0,16100.0
2016-08-05,2305.0,2320.0,2275.0,2275.0,1700.0
2016-08-04,2350.0,2350.0,2300.0,2320.0,4200.0
2016-08-03,2380.0,2380.0,2304.0,2350.0,4500.0
2016-08-02,2417.0,2417.0,2280.0,2385.0,8200.0
2016-08-01,2396.0,2418.0,2389.0,2418.0,7400.0
2016-07-29,2390.0,2418.0,2380.0,2409.0,7900.0
2016-07-28,2400.0,2412.0,2362.0,2387.0,6900.0
2016-07-27,2380.0,2421.0,2380.0,2401.0,13300.0
2016-07-26,2332.0,2390.0,2291.0,2390.0,7500.0
2016-07-25,2300.0,2324.0,2286.0,2323.0,2600.0
2016-07-22,2290.0,2299.0,2272.0,2275.0,1500.0
2016-07-21,2276.0,2300.0,2276.0,2287.0,1000.0
2016-07-20,2299.0,2299.0,2280.0,2295.0,1100.0
2016-07-19,2285.0,2294.0,2261.0,2294.0,2600.0
2016-07-15,2300.0,2300.0,2287.0,2297.0,1100.0
2016-07-14,2300.0,2307.0,2295.0,2300.0,4600.0
2016-07-13,2318.0,2339.0,2308.0,2339.0,9800.0
2016-07-12,2340.0,2341.0,2321.0,2321.0,8100.0
2016-07-11,2340.0,2350.0,2324.0,2340.0,5400.0
2016-07-08,2339.0,2348.0,2329.0,2337.0,2800.0
2016-07-07,2316.0,2348.0,2316.0,2337.0,2300.0
2016-07-06,2310.0,2352.0,2310.0,2335.0,4800.0
2016-07-05,2300.0,2358.0,2300.0,2344.0,3900.0
2016-07-04,2400.0,2400.0,2348.0,2350.0,7800.0
2016-07-01,2401.0,2409.0,2343.0,2350.0,6900.0
2016-06-30,2300.0,2420.0,2297.0,2380.0,13500.0
2016-06-29,2260.0,2298.0,2260.0,2280.0,3500.0
2016-06-28,2280.0,2280.0,2251.0,2252.0,700.0
2016-06-27,2286.0,2306.0,2280.0,2280.0,2600.0
2016-06-24,2400.0,2402.0,2150.0,2299.0,10800.0
2016-06-23,2330.0,2409.0,2330.0,2406.0,8700.0
2016-06-22,2314.0,2355.0,2310.0,2349.0,5600.0
2016-06-21,2317.0,2317.0,2281.0,2312.0,4500.0
2016-06-20,2227.0,2335.0,2220.0,2304.0,5800.0
2016-06-17,2250.0,2294.0,2247.0,2250.0,4600.0
2016-06-16,2219.0,2315.0,2219.0,2274.0,11900.0
2016-06-15,2290.0,2320.0,2267.0,2319.0,8100.0
2016-06-14,2330.0,2349.0,2240.0,2311.0,14700.0
2016-06-13,2376.0,2382.0,2255.0,2370.0,11700.0
2016-06-10,2405.0,2405.0,2365.0,2383.0,11200.0
2016-06-09,2390.0,2407.0,2390.0,2400.0,6300.0
2016-06-08,2380.0,2406.0,2380.0,2394.0,7500.0
2016-06-07,2390.0,2410.0,2371.0,2380.0,15300.0
2016-06-06,2351.0,2404.0,2348.0,2390.0,31200.0
2016-06-03,2474.0,2498.0,2427.0,2480.0,4500.0
2016-06-02,2460.0,2479.0,2423.0,2474.0,2800.0
2016-06-01,2500.0,2500.0,2415.0,2415.0,8600.0
2016-05-31,2496.0,2523.0,2417.0,2523.0,5900.0
2016-05-30,2540.0,2544.0,2488.0,2497.0,10600.0
2016-05-27,2421.0,2520.0,2404.0,2509.0,4900.0
2016-05-26,2520.0,2551.0,2436.0,2540.0,16000.0
2016-05-25,2410.0,2535.0,2410.0,2520.0,17500.0
2016-05-24,2400.0,2420.0,2309.0,2404.0,11000.0
2016-05-23,2250.0,2310.0,2220.0,2300.0,6200.0
2016-05-20,2238.0,2239.0,2222.0,2239.0,2300.0
2016-05-19,2120.0,2238.0,2107.0,2238.0,2900.0
2016-05-18,2115.0,2169.0,2100.0,2120.0,4600.0
2016-05-17,1982.0,2109.0,1982.0,2109.0,2600.0
2016-05-16,1999.0,2088.0,1965.0,1980.0,10100.0
2016-05-13,2260.0,2299.0,2243.0,2243.0,8800.0
2016-05-12,2240.0,2260.0,2236.0,2260.0,4800.0
2016-05-11,2182.0,2260.0,2182.0,2255.0,5500.0
2016-05-10,2095.0,2184.0,2095.0,2134.0,1800.0
2016-05-09,2104.0,2150.0,2090.0,2101.0,2900.0
2016-05-06,2110.0,2149.0,2101.0,2119.0,1200.0
2016-05-02,2100.0,2112.0,2067.0,2072.0,2600.0
2016-04-28,2119.0,2150.0,2118.0,2150.0,1900.0
2016-04-27,2111.0,2155.0,2058.0,2113.0,5900.0
2016-04-26,2200.0,2200.0,2108.0,2114.0,6000.0
2016-04-25,2230.0,2233.0,2145.0,2224.0,3200.0
2016-04-22,2240.0,2250.0,2125.0,2214.0,5500.0
2016-04-21,2132.0,2250.0,2130.0,2250.0,4500.0
2016-04-20,2294.0,2294.0,2113.0,2125.0,23200.0
2016-04-19,2200.0,2295.0,2130.0,2295.0,10200.0
2016-04-18,2015.0,2195.0,2014.0,2125.0,13800.0
2016-04-15,2005.0,2014.0,1983.0,2014.0,2500.0
2016-04-14,1973.0,2005.0,1973.0,2005.0,11600.0
2016-04-13,1962.0,1989.0,1962.0,1973.0,1900.0
2016-04-12,1962.0,1987.0,1960.0,1960.0,3700.0
2016-04-11,1951.0,1997.0,1950.0,1960.0,4700.0
2016-04-08,1960.0,1995.0,1953.0,1968.0,5800.0
2016-04-07,2000.0,2001.0,1991.0,1991.0,800.0
2016-04-06,1980.0,1992.0,1950.0,1980.0,4800.0
2016-04-05,1995.0,2000.0,1985.0,1985.0,2800.0
2016-04-04,2030.0,2030.0,1990.0,1990.0,8000.0
2016-04-01,2050.0,2050.0,2028.0,2030.0,2400.0
2016-03-31,2050.0,2055.0,2014.0,2040.0,6800.0
2016-03-30,2050.0,2080.0,2020.0,2038.0,4200.0
2016-03-29,2011.0,2049.0,2011.0,2049.0,4700.0
2016-03-28,1995.0,2035.0,1992.0,1992.0,4300.0
2016-03-25,1985.0,2010.0,1985.0,1987.0,2400.0
2016-03-24,2000.0,2010.0,1990.0,1990.0,1000.0
2016-03-23,2070.0,2070.0,2001.0,2001.0,11500.0
2016-03-22,2022.0,2035.0,2021.0,2035.0,1800.0
2016-03-18,2053.0,2056.0,2011.0,2013.0,4100.0
2016-03-17,2031.0,2055.0,2020.0,2026.0,4600.0
2016-03-16,2089.0,2089.0,2000.0,2031.0,3700.0
2016-03-15,2000.0,2015.0,2000.0,2001.0,2400.0
2016-03-14,1992.0,2000.0,1985.0,1990.0,3700.0
2016-03-11,2000.0,2000.0,1990.0,1990.0,1100.0
2016-03-10,2001.0,2007.0,2001.0,2006.0,600.0
2016-03-09,1995.0,2050.0,1995.0,2050.0,2400.0
2016-03-08,2010.0,2020.0,1975.0,1990.0,3600.0
2016-03-07,1989.0,2010.0,1976.0,1985.0,1500.0
2016-03-04,1991.0,2000.0,1955.0,1990.0,16100.0
2016-03-03,1965.0,2008.0,1965.0,1965.0,1600.0
2016-03-02,1980.0,2072.0,1971.0,1985.0,4700.0
2016-03-01,1989.0,2006.0,1959.0,1980.0,2300.0
2016-02-29,1923.0,1990.0,1922.0,1989.0,1100.0
2016-02-26,2000.0,2020.0,1920.0,1923.0,14800.0
2016-02-25,1960.0,1960.0,1950.0,1950.0,200.0
2016-02-24,1955.0,1976.0,1950.0,1976.0,1100.0
2016-02-23,1950.0,1980.0,1900.0,1980.0,6300.0
2016-02-22,2032.0,2032.0,1967.0,1967.0,1500.0
2016-02-19,2002.0,2002.0,1951.0,1992.0,800.0
2016-02-18,1988.0,2000.0,1945.0,2000.0,5900.0
2016-02-17,2039.0,2039.0,1986.0,1987.0,1900.0
2016-02-16,1985.0,2009.0,1985.0,1999.0,3100.0
2016-02-15,2030.0,2101.0,1981.0,2030.0,6100.0
2016-02-12,2200.0,2200.0,2060.0,2080.0,1600.0
2016-02-10,2370.0,2370.0,2235.0,2287.0,2400.0
2016-02-09,2360.0,2360.0,2226.0,2300.0,1000.0
2016-02-08,2350.0,2400.0,2350.0,2398.0,1300.0
2016-02-05,2260.0,2350.0,2200.0,2350.0,2700.0
2016-02-04,2480.0,2480.0,2380.0,2400.0,1300.0
2016-02-03,2500.0,2500.0,2409.0,2480.0,2800.0
2016-02-02,2470.0,2515.0,2421.0,2495.0,2200.0
2016-02-01,2450.0,2515.0,2401.0,2515.0,11000.0
2016-01-29,2420.0,2445.0,2392.0,2429.0,5500.0
2016-01-28,2350.0,2425.0,2300.0,2420.0,7800.0
2016-01-27,2216.0,2379.0,2213.0,2379.0,6300.0
2016-01-26,2238.0,2250.0,2180.0,2230.0,2800.0
2016-01-25,2180.0,2235.0,2180.0,2228.0,5200.0
2016-01-22,2100.0,2188.0,2100.0,2171.0,7300.0
2016-01-21,2034.0,2117.0,1999.0,2089.0,5400.0
2016-01-20,2072.0,2072.0,2000.0,2035.0,1700.0
2016-01-19,2050.0,2160.0,2050.0,2140.0,4700.0
2016-01-18,1999.0,2200.0,1998.0,2100.0,5400.0
2016-01-15,2025.0,2025.0,1999.0,2021.0,2300.0
2016-01-14,2083.0,2083.0,1994.0,2022.0,8300.0
2016-01-13,2080.0,2090.0,2050.0,2089.0,1700.0
2016-01-12,2050.0,2100.0,2026.0,2080.0,3100.0
2016-01-08,2032.0,2095.0,2032.0,2094.0,4600.0
2016-01-07,2076.0,2094.0,2050.0,2051.0,2400.0
2016-01-06,2060.0,2099.0,2054.0,2076.0,1100.0
2016-01-05,2031.0,2061.0,2031.0,2061.0,1500.0
2016-01-04,2120.0,2170.0,2040.0,2061.0,8500.0
2015-12-30,2135.0,2145.0,2116.0,2140.0,6700.0
2015-12-29,2140.0,2199.0,2113.0,2185.0,4700.0
2015-12-28,2060.0,2120.0,2060.0,2120.0,4500.0
2015-12-25,2011.0,2058.0,2000.0,2035.0,12900.0
2015-12-24,2102.0,2124.0,2061.0,2061.0,9400.0
2015-12-22,2222.0,2250.0,2186.0,2190.0,4400.0
2015-12-21,2301.0,2310.0,2271.0,2272.0,3700.0
2015-12-18,2271.0,2309.0,2271.0,2300.0,5800.0
2015-12-17,2312.0,2312.0,2266.0,2312.0,5400.0
2015-12-16,2300.0,2309.0,2300.0,2307.0,5400.0
2015-12-15,2260.0,2300.0,2260.0,2299.0,1900.0
2015-12-14,2270.0,2302.0,2266.0,2298.0,3100.0
2015-12-11,2270.0,2275.0,2270.0,2271.0,2300.0
2015-12-10,2290.0,2290.0,2276.0,2277.0,2600.0
2015-12-09,2299.0,2299.0,2280.0,2290.0,2600.0
2015-12-08,2290.0,2299.0,2290.0,2299.0,2300.0
2015-12-07,2270.0,2300.0,2270.0,2300.0,3400.0
2015-12-04,2237.0,2312.0,2218.0,2310.0,7100.0
2015-12-03,2300.0,2300.0,2285.0,2287.0,1900.0
2015-12-02,2301.0,2330.0,2300.0,2319.0,2200.0
2015-12-01,2358.0,2358.0,2315.0,2315.0,5000.0
2015-11-30,2390.0,2393.0,2371.0,2379.0,1200.0
2015-11-27,2387.0,2398.0,2385.0,2397.0,2700.0
2015-11-26,2390.0,2428.0,2390.0,2428.0,1900.0
2015-11-25,2390.0,2390.0,2367.0,2390.0,1700.0
2015-11-24,2431.0,2434.0,2400.0,2413.0,2700.0
2015-11-20,2348.0,2435.0,2348.0,2435.0,4900.0
2015-11-19,2400.0,2400.0,2381.0,2398.0,1800.0
2015-11-18,2410.0,2435.0,2410.0,2435.0,1700.0
2015-11-17,2390.0,2420.0,2390.0,2404.0,3500.0
2015-11-16,2310.0,2400.0,2263.0,2390.0,4600.0
2015-11-13,2381.0,2430.0,2370.0,2430.0,3200.0
2015-11-12,2408.0,2408.0,2381.0,2381.0,1000.0
2015-11-11,2409.0,2444.0,2406.0,2409.0,1300.0
2015-11-10,2411.0,2415.0,2400.0,2412.0,1800.0
2015-11-09,2429.0,2444.0,2411.0,2444.0,1200.0
2015-11-06,2471.0,2498.0,2389.0,2422.0,5600.0
2015-11-05,2460.0,2499.0,2450.0,2488.0,2000.0
2015-11-04,2499.0,2500.0,2454.0,2460.0,2800.0
2015-11-02,2428.0,2450.0,2420.0,2449.0,2700.0
2015-10-30,2380.0,2455.0,2380.0,2417.0,3900.0
2015-10-29,2390.0,2412.0,2380.0,2380.0,3600.0
2015-10-28,2390.0,2390.0,2390.0,2390.0,600.0
2015-10-27,2390.0,2404.0,2389.0,2400.0,2300.0
2015-10-26,2361.0,2399.0,2352.0,2365.0,1700.0
2015-10-23,2400.0,2400.0,2370.0,2370.0,1600.0
2015-10-22,2378.0,2401.0,2378.0,2400.0,1100.0
2015-10-21,2375.0,2398.0,2335.0,2378.0,2400.0
2015-10-20,2350.0,2351.0,2340.0,2351.0,1300.0
2015-10-19,2380.0,2380.0,2377.0,2377.0,1600.0
2015-10-16,2390.0,2427.0,2378.0,2383.0,1200.0
2015-10-15,2357.0,2439.0,2350.0,2439.0,2200.0
2015-10-14,2410.0,2410.0,2355.0,2355.0,600.0
2015-10-13,2449.0,2453.0,2445.0,2445.0,3100.0
2015-10-09,2450.0,2480.0,2450.0,2479.0,1400.0
2015-10-08,2450.0,2497.0,2450.0,2450.0,1200.0
2015-10-07,2456.0,2456.0,2430.0,2449.0,2900.0
2015-10-06,2455.0,2456.0,2455.0,2456.0,500.0
2015-10-05,2550.0,2550.0,2451.0,2451.0,2000.0
2015-10-02,2451.0,2520.0,2451.0,2520.0,1200.0
2015-10-01,2458.0,2459.0,2450.0,2450.0,400.0
2015-09-30,2539.0,2550.0,2457.0,2457.0,1600.0
2015-09-29,2577.0,2577.0,2539.0,2543.0,700.0
2015-09-28,2400.0,2450.0,2400.0,2450.0,500.0
2015-09-25,2400.0,2400.0,2400.0,2400.0,300.0
2015-09-24,2400.0,2420.0,2400.0,2400.0,1500.0
2015-09-18,2460.0,2485.0,2421.0,2460.0,1000.0
2015-09-17,2450.0,2450.0,2369.0,2450.0,22400.0
2015-09-16,2460.0,2460.0,2440.0,2442.0,900.0
2015-09-15,2481.0,2485.0,2464.0,2464.0,800.0
2015-09-14,2530.0,2542.0,2480.0,2542.0,4500.0
2015-09-11,2500.0,2520.0,2500.0,2520.0,2100.0
2015-09-10,2501.0,2515.0,2501.0,2515.0,700.0
2015-09-09,2599.0,2600.0,2520.0,2547.0,1100.0
2015-09-08,2580.0,2580.0,2480.0,2480.0,1600.0
2015-09-07,2559.0,2640.0,2550.0,2600.0,2600.0
2015-09-04,2700.0,2700.0,2560.0,2643.0,2400.0
2015-09-03,2719.0,2719.0,2605.0,2699.0,3500.0
2015-09-02,2640.0,2720.0,2551.0,2690.0,3700.0
2015-09-01,2540.0,2640.0,2540.0,2640.0,500.0
2015-08-31,2720.0,2720.0,2545.0,2690.0,14600.0
2015-08-28,2464.0,2540.0,2464.0,2520.0,1400.0
2015-08-27,2500.0,2540.0,2480.0,2540.0,1500.0
2015-08-26,2500.0,2500.0,2362.0,2500.0,700.0
2015-08-25,1930.0,2570.0,1930.0,2430.0,14600.0
2015-08-24,2380.0,2400.0,2200.0,2200.0,8900.0
2015-08-21,2500.0,2500.0,2464.0,2472.0,4500.0
2015-08-20,2501.0,2520.0,2490.0,2500.0,2300.0
2015-08-19,2560.0,2560.0,2520.0,2520.0,700.0
2015-08-18,2501.0,2526.0,2489.0,2526.0,2400.0
2015-08-17,2500.0,2510.0,2461.0,2475.0,4500.0
2015-08-14,2500.0,2510.0,2461.0,2510.0,2400.0
2015-08-13,2522.0,2527.0,2448.0,2500.0,5300.0
2015-08-12,2550.0,2552.0,2522.0,2522.0,2800.0
2015-08-11,2594.0,2605.0,2594.0,2595.0,2300.0
2015-08-10,2619.0,2632.0,2580.0,2594.0,4300.0
2015-08-07,2650.0,2653.0,2610.0,2614.0,8300.0
2015-08-06,2680.0,2696.0,2640.0,2641.0,5500.0
2015-08-05,2612.0,2616.0,2612.0,2612.0,1500.0
2015-08-04,2630.0,2639.0,2614.0,2629.0,2000.0
2015-08-03,2685.0,2685.0,2657.0,2660.0,2000.0
2015-07-31,2642.0,2693.0,2641.0,2693.0,5500.0
2015-07-30,2739.0,2740.0,2710.0,2716.0,6600.0
2015-07-29,2770.0,2770.0,2730.0,2740.0,8200.0
2015-07-28,2750.0,2759.0,2725.0,2757.0,10700.0
2015-07-27,2646.0,2780.0,2633.0,2770.0,41900.0
2015-07-24,2570.0,2649.0,2570.0,2646.0,8600.0
2015-07-23,2599.0,2602.0,2591.0,2598.0,2400.0
2015-07-22,2590.0,2602.0,2577.0,2599.0,5600.0
2015-07-21,2604.0,2604.0,2560.0,2589.0,5200.0
2015-07-17,2580.0,2581.0,2560.0,2581.0,1400.0
2015-07-16,2600.0,2600.0,2581.0,2600.0,2100.0
2015-07-15,2609.0,2621.0,2500.0,2597.0,6300.0
2015-07-14,2520.0,2598.0,2520.0,2598.0,2700.0
2015-07-13,2505.0,2515.0,2489.0,2495.0,1600.0
2015-07-10,2440.0,2440.0,2424.0,2424.0,700.0
2015-07-09,2300.0,2440.0,2270.0,2424.0,9300.0
2015-07-08,2509.0,2509.0,2440.0,2450.0,11300.0
2015-07-07,2518.0,2538.0,2518.0,2535.0,1700.0
2015-07-06,2580.0,2587.0,2555.0,2565.0,3800.0
2015-07-03,2575.0,2580.0,2573.0,2580.0,1900.0
2015-07-02,2550.0,2599.0,2540.0,2580.0,4500.0
2015-07-01,2590.0,2600.0,2550.0,2550.0,4400.0
2015-06-30,2587.0,2668.0,2430.0,2611.0,8200.0
2015-06-29,2616.0,2631.0,2590.0,2615.0,17300.0
2015-06-26,2600.0,2666.0,2589.0,2666.0,13800.0
2015-06-25,2550.0,2600.0,2539.0,2595.0,14400.0
2015-06-24,2562.0,2579.0,2540.0,2560.0,9600.0
2015-06-23,2589.0,2589.0,2538.0,2545.0,6800.0
2015-06-22,2530.0,2594.0,2529.0,2594.0,11400.0
2015-06-19,2499.0,2515.0,2499.0,2500.0,5000.0
2015-06-18,2468.0,2500.0,2455.0,2499.0,5500.0
2015-06-17,2499.0,2519.0,2460.0,2468.0,5700.0
2015-06-16,2466.0,2480.0,2378.0,2450.0,5700.0
2015-06-15,2407.0,2512.0,2407.0,2466.0,9900.0
2015-06-12,2390.0,2440.0,2389.0,2407.0,3400.0
2015-06-11,2400.0,2400.0,2346.0,2390.0,2300.0
2015-06-10,2425.0,2425.0,2325.0,2399.0,5200.0
2015-06-09,2441.0,2441.0,2400.0,2412.0,9600.0
2015-06-08,2470.0,2470.0,2441.0,2441.0,2800.0
2015-06-05,2515.0,2515.0,2442.0,2450.0,3900.0
2015-06-04,2425.0,2538.0,2425.0,2480.0,7100.0
2015-06-03,2490.0,2490.0,2411.0,2420.0,6600.0
2015-06-02,2503.0,2503.0,2490.0,2497.0,2900.0
2015-06-01,2520.0,2525.0,2500.0,2503.0,1800.0
2015-05-29,2490.0,2520.0,2462.0,2520.0,5400.0
2015-05-28,2507.0,2550.0,2500.0,2510.0,10000.0
2015-05-27,2438.0,2550.0,2421.0,2547.0,14800.0
2015-05-26,2602.0,2602.0,2443.0,2490.0,31400.0
2015-05-25,2670.0,2700.0,2600.0,2620.0,34000.0
2015-05-22,2600.0,2680.0,2560.0,2660.0,69700.0
2015-05-21,2499.0,2592.0,2429.0,2592.0,107700.0
2015-05-20,2210.0,2490.0,2210.0,2429.0,124200.0
2015-05-19,2180.0,2210.0,2130.0,2207.0,34400.0
2015-05-18,2111.0,2315.0,2108.0,2230.0,94000.0
2015-05-15,2075.0,2075.0,2005.0,2056.0,11700.0
2015-05-14,2075.0,2100.0,2046.0,2090.0,9900.0
2015-05-13,2080.0,2090.0,2032.0,2066.0,7500.0
2015-05-12,2080.0,2100.0,2032.0,2100.0,18700.0
2015-05-11,2020.0,2074.0,2020.0,2060.0,10000.0
2015-05-08,2031.0,2031.0,2006.0,2020.0,5500.0
2015-05-07,1960.0,2046.0,1960.0,2031.0,7700.0
2015-05-01,1969.0,2098.0,1952.0,2042.0,33300.0
2015-04-30,1960.0,1969.0,1950.0,1969.0,11700.0
2015-04-28,1981.0,1998.0,1960.0,1970.0,9600.0
2015-04-27,1993.0,1999.0,1983.0,1996.0,3600.0
2015-04-24,2020.0,2020.0,1976.0,1983.0,8800.0
2015-04-23,2000.0,2009.0,1970.0,1995.0,6700.0
2015-04-22,2011.0,2060.0,1970.0,1993.0,15300.0
2015-04-21,2096.0,2120.0,2011.0,2014.0,39600.0
2015-04-20,1989.0,2054.0,1943.0,2052.0,32200.0
2015-04-17,1949.0,1994.0,1923.0,1971.0,12400.0
2015-04-16,1960.0,1960.0,1917.0,1930.0,9300.0
2015-04-15,2000.0,2012.0,1951.0,1958.0,15000.0
2015-04-14,1940.0,2038.0,1936.0,2014.0,38500.0
2015-04-13,1880.0,1940.0,1880.0,1936.0,17200.0
2015-04-10,1864.0,1885.0,1864.0,1871.0,13500.0
2015-04-09,1872.0,1900.0,1831.0,1900.0,32200.0
2015-04-08,1945.0,1964.0,1892.0,1897.0,33800.0
2015-04-07,2000.0,2000.0,1959.0,1964.0,38700.0
2015-04-06,2075.0,2075.0,2002.0,2021.0,21000.0
2015-04-03,2115.0,2128.0,2089.0,2100.0,19100.0
2015-04-02,2175.0,2199.0,2110.0,2127.0,32400.0
2015-04-01,2188.0,2240.0,2150.0,2190.0,21700.0
2015-03-31,2215.0,2215.0,2170.0,2175.0,18500.0
2015-03-30,2240.0,2240.0,2171.0,2200.0,30400.0
2015-03-27,2125.0,2223.0,2114.0,2160.0,40100.0
2015-03-26,2175.0,2175.0,2100.0,2125.0,82600.0
2015-03-25,2316.0,2333.0,2212.0,2217.0,146800.0
2015-03-24,2100.0,2480.0,2081.0,2410.0,932000.0
2015-03-23,1815.0,1828.0,1791.0,1814.0,60700.0
2015-03-20,1803.0,1844.0,1800.0,1838.0,39700.0
2015-03-19,1804.0,1810.0,1803.0,1803.0,24400.0
2015-03-18,1816.0,1819.0,1809.0,1812.0,31900.0
2015-03-17,1830.0,1842.0,1818.0,1818.0,18400.0
2015-03-16,1838.0,1855.0,1820.0,1821.0,36800.0
2015-03-13,1844.0,1870.0,1830.0,1850.0,53700.0
2015-03-12,1885.0,1895.0,1870.0,1872.0,41000.0
2015-03-11,1830.0,1885.0,1816.0,1885.0,58700.0
2015-03-10,1878.0,1878.0,1838.0,1855.0,113000.0
2015-03-09,1890.0,1903.0,1886.0,1895.0,21100.0
2015-03-06,1900.0,1900.0,1883.0,1889.0,22300.0
2015-03-05,1882.0,1897.0,1882.0,1883.0,21900.0
2015-03-04,1891.0,1909.0,1884.0,1886.0,35100.0
2015-03-03,1951.0,1955.0,1895.0,1909.0,63300.0
2015-03-02,1959.0,1964.0,1945.0,1948.0,29200.0
2015-02-27,1930.0,1957.0,1923.0,1945.0,41100.0
2015-02-26,1969.0,2010.0,1937.0,1962.0,97400.0
2015-02-25,1903.0,1992.0,1903.0,1973.0,89600.0
2015-02-24,1968.0,1971.0,1906.0,1916.0,72100.0
2015-02-23,2058.0,2058.0,1953.0,1968.0,267200.0
2015-02-20,1803.0,1900.0,1803.0,1897.0,130200.0
2015-02-19,1801.0,1810.0,1800.0,1801.0,22400.0
2015-02-18,1810.0,1812.0,1799.0,1801.0,21400.0
2015-02-17,1803.0,1804.0,1797.0,1800.0,27800.0
2015-02-16,1805.0,1813.0,1801.0,1803.0,24800.0
2015-02-13,1802.0,1825.0,1801.0,1807.0,27300.0
2015-02-12,1811.0,1817.0,1803.0,1813.0,28600.0
2015-02-10,1792.0,1823.0,1792.0,1804.0,27700.0
2015-02-09,1801.0,1815.0,1791.0,1800.0,27400.0
2015-02-06,1788.0,1823.0,1785.0,1801.0,31000.0
2015-02-05,1803.0,1831.0,1800.0,1803.0,46300.0
2015-02-04,1818.0,1858.0,1802.0,1832.0,50500.0
2015-02-03,1860.0,1873.0,1802.0,1817.0,74200.0
2015-02-02,1927.0,1946.0,1860.0,1860.0,71900.0
2015-01-30,1925.0,1963.0,1917.0,1925.0,69600.0
2015-01-29,2050.0,2063.0,1905.0,1922.0,190800.0
2015-01-28,2100.0,2118.0,2006.0,2030.0,442000.0
2015-01-27,1987.0,1995.0,1931.0,1955.0,116500.0
2015-01-26,1885.0,2000.0,1880.0,2000.0,462700.0
2015-01-23,1840.0,1845.0,1781.0,1830.0,143900.0
2015-01-22,1746.0,1826.0,1734.0,1740.0,119400.0
2015-01-21,1766.0,1780.0,1711.0,1723.0,46100.0
2015-01-20,1775.0,1783.0,1754.0,1765.0,29200.0
2015-01-19,1810.0,1812.0,1755.0,1755.0,31300.0
2015-01-16,1798.0,1800.0,1743.0,1765.0,45300.0
2015-01-15,1800.0,1815.0,1800.0,1800.0,41700.0
2015-01-14,1810.0,1833.0,1810.0,1810.0,74200.0
2015-01-13,1850.0,1919.0,1845.0,1869.0,154100.0
2015-01-09,1826.0,1829.0,1807.0,1810.0,43800.0
2015-01-08,1795.0,1818.0,1790.0,1808.0,33400.0
2015-01-07,1765.0,1827.0,1765.0,1789.0,37800.0
2015-01-06,1800.0,1819.0,1790.0,1805.0,39000.0
2015-01-05,1790.0,1839.0,1782.0,1837.0,35100.0
2014-12-30,1811.0,1842.0,1801.0,1803.0,39500.0
2014-12-29,1856.0,1889.0,1780.0,1803.0,66000.0
2014-12-26,1684.0,1817.0,1684.0,1816.0,108600.0
2014-12-25,1720.0,1720.0,1681.0,1681.0,105600.0
2014-12-24,1781.0,1785.0,1721.0,1724.0,102400.0
2014-12-22,1803.0,1805.0,1767.0,1781.0,48000.0
2014-12-19,1792.0,1849.0,1792.0,1800.0,69100.0
2014-12-18,1749.0,1835.0,1725.0,1766.0,79700.0
2014-12-17,1680.0,1750.0,1680.0,1701.0,50000.0
2014-12-16,1795.0,1798.0,1732.0,1732.0,75900.0
2014-12-15,1888.0,1890.0,1814.0,1820.0,62100.0
2014-12-12,1935.0,1938.0,1869.0,1876.0,116200.0
2014-12-11,1861.0,1970.0,1861.0,1938.0,80600.0
2014-12-10,1900.0,1909.0,1853.0,1861.0,127300.0
2014-12-09,1965.0,1970.0,1911.0,1915.0,82200.0
2014-12-08,2001.0,2020.0,1980.0,1980.0,80400.0
2014-12-05,2000.0,2026.0,2000.0,2002.0,45600.0
2014-12-04,1997.0,2052.0,1991.0,2026.0,94800.0
2014-12-03,2056.0,2059.0,2000.0,2005.0,93000.0
2014-12-02,2098.0,2098.0,2044.0,2063.0,58600.0
2014-12-01,2106.0,2130.0,2100.0,2100.0,46100.0
2014-11-28,2103.0,2145.0,2100.0,2100.0,62600.0
2014-11-27,2147.0,2154.0,2100.0,2110.0,63800.0
2014-11-26,2159.0,2174.0,2141.0,2157.0,70100.0
2014-11-25,2132.0,2166.0,2131.0,2134.0,43600.0
2014-11-21,2136.0,2149.0,2105.0,2131.0,47400.0
2014-11-20,2190.0,2190.0,2086.0,2157.0,78400.0
2014-11-19,2250.0,2250.0,2150.0,2190.0,100100.0
2014-11-18,2188.0,2255.0,2188.0,2229.0,172400.0
2014-11-17,2151.0,2245.0,2130.0,2179.0,186500.0
2014-11-14,2157.0,2162.0,2025.0,2118.0,210200.0
2014-11-13,2310.0,2370.0,2141.0,2207.0,402600.0
2014-11-12,2150.0,2413.0,2110.0,2260.0,1192300.0
2014-11-11,2015.0,2021.0,1996.0,2001.0,39300.0
2014-11-10,2027.0,2031.0,1990.0,2000.0,60100.0
2014-11-07,2105.0,2124.0,2003.0,2027.0,130600.0
2014-11-06,2003.0,2088.0,1970.0,2088.0,162300.0
2014-11-05,2000.0,2010.0,1950.0,1999.0,111700.0
2014-11-04,1985.0,2000.0,1966.0,1975.0,88900.0
2014-10-31,1920.0,1980.0,1900.0,1970.0,114100.0
2014-10-30,2100.0,2100.0,1940.0,1950.0,161900.0
2014-10-29,2170.0,2170.0,2032.0,2070.0,202700.0
2014-10-28,2066.7,2150.0,2053.3,2150.0,298200.0
2014-10-27,1966.7,2043.3,1966.7,2000.0,202500.0
2014-10-24,1936.7,1953.3,1923.3,1946.7,38700.0
2014-10-23,1916.7,1950.0,1906.7,1930.0,36600.0
2014-10-22,1933.3,1956.7,1906.7,1933.3,85500.0
2014-10-21,1966.7,1966.7,1886.7,1913.3,62700.0
2014-10-20,1986.7,1996.7,1920.0,1950.0,125700.0
2014-10-17,1976.7,1983.3,1870.0,1886.7,184500.0
2014-10-16,1936.7,1946.7,1840.0,1916.7,575700.0
2014-10-15,1690.0,1726.7,1636.7,1670.0,75900.0
2014-10-14,1666.7,1700.0,1646.7,1670.0,89100.0
2014-10-10,1733.3,1763.3,1686.7,1720.0,164700.0
2014-10-09,1933.3,1966.7,1833.3,1836.7,94200.0
2014-10-08,1870.0,1923.3,1870.0,1903.3,103500.0
2014-10-07,2030.0,2030.0,1956.7,1960.0,133200.0
2014-10-06,2013.3,2046.7,2000.0,2010.0,101700.0
2014-10-03,1963.3,1986.7,1923.3,1973.3,85200.0
2014-10-02,1983.3,1993.3,1940.0,1950.0,144000.0
2014-10-01,2040.0,2130.0,2003.3,2006.7,266100.0
2014-09-30,2066.7,2066.7,2010.0,2023.3,67500.0
2014-09-29,2150.0,2160.0,2063.3,2063.3,135900.0
2014-09-26,2196.7,2246.7,2110.0,2130.0,580500.0
2014-09-25,2023.3,2280.0,2006.7,2230.0,1489200.0
2014-09-24,2003.3,2026.7,1966.7,1973.3,101100.0
2014-09-22,2050.0,2063.3,2023.3,2056.7,78000.0
2014-09-19,2066.7,2073.3,2023.3,2030.0,85500.0
2014-09-18,2096.7,2116.7,2053.3,2066.7,72900.0
2014-09-17,2133.3,2150.0,2096.7,2096.7,69900.0
2014-09-16,2156.7,2163.3,2123.3,2133.3,60300.0
2014-09-12,2123.3,2216.7,2123.3,2190.0,74400.0
2014-09-11,2066.7,2260.0,2063.3,2180.0,222300.0
2014-09-10,2200.0,2200.0,2120.0,2126.7,133200.0
2014-09-09,2266.7,2283.3,2220.0,2230.0,83400.0
2014-09-08,2293.3,2300.0,2220.0,2230.0,233700.0
2014-09-05,2333.3,2366.7,2283.3,2293.3,93300.0
2014-09-04,2350.0,2396.7,2323.3,2323.3,64500.0
2014-09-03,2396.7,2403.3,2363.3,2363.3,84600.0
2014-09-02,2416.7,2456.7,2366.7,2396.7,149700.0
2014-09-01,2436.7,2510.0,2403.3,2440.0,154500.0
2014-08-29,2533.3,2556.7,2453.3,2463.3,725700.0
2014-08-28,2383.3,2396.7,2316.7,2323.3,138000.0
2014-08-27,2380.0,2383.3,2273.3,2316.7,121800.0
2014-08-26,2453.3,2480.0,2366.7,2383.3,254400.0
2014-08-25,2310.0,2463.3,2286.7,2426.7,364200.0
2014-08-22,2226.7,2283.3,2220.0,2260.0,140400.0
2014-08-21,2260.0,2280.0,2203.3,2226.7,146400.0
2014-08-20,2266.7,2300.0,2246.7,2270.0,108600.0
2014-08-19,2283.3,2326.7,2273.3,2283.3,81900.0
2014-08-18,2316.7,2353.3,2290.0,2290.0,66000.0
2014-08-15,2323.3,2333.3,2266.7,2316.7,145200.0
2014-08-14,2326.7,2363.3,2266.7,2276.7,105600.0
2014-08-13,2290.0,2366.7,2283.3,2326.7,108300.0
2014-08-12,2316.7,2423.3,2293.3,2340.0,226500.0
2014-08-11,2266.7,2420.0,2266.7,2343.3,350700.0
2014-08-08,2276.7,2300.0,2063.3,2173.3,286200.0
2014-08-07,2436.7,2443.3,2286.7,2353.3,196200.0
2014-08-06,2520.0,2533.3,2356.7,2386.7,387900.0
2014-08-05,2793.3,2796.7,2566.7,2590.0,262500.0
2014-08-04,2803.3,2826.7,2766.7,2766.7,192600.0
2014-08-01,2800.0,2896.7,2780.0,2810.0,749100.0
2014-07-31,2780.0,3010.0,2773.3,2876.7,1987500.0
2014-07-30,2850.0,2880.0,2800.0,2800.0,265800.0
2014-07-29,2886.7,2900.0,2833.3,2846.7,371700.0
2014-07-28,2896.7,2930.0,2850.0,2870.0,258600.0
2014-07-25,2900.0,2973.3,2860.0,2896.7,520800.0
2014-07-24,2923.3,2963.3,2836.7,2866.7,730500.0
2014-07-23,2783.3,3073.3,2756.7,2953.3,2157900.0
2014-07-22,2813.3,2830.0,2716.7,2740.0,345600.0
2014-07-18,2733.3,2796.7,2706.7,2733.3,296100.0
2014-07-17,2876.7,2910.0,2800.0,2803.3,443400.0
2014-07-16,3046.7,3046.7,2876.7,2893.3,612600.0
2014-07-15,3116.7,3126.7,2970.0,2996.7,1060200.0
2014-07-14,3286.7,3353.3,3016.7,3066.7,4023900.0
2014-07-11,2966.7,3236.7,2926.7,3236.7,2436300.0
2014-07-10,3033.3,3150.0,2906.7,2950.0,2049900.0
2014-07-09,2856.7,2946.7,2813.3,2946.7,440700.0
2014-07-08,2913.3,2946.7,2853.3,2880.0,302100.0
2014-07-07,2886.7,2986.7,2886.7,2903.3,312900.0
2014-07-04,2983.3,3060.0,2883.3,2936.7,941700.0
2014-07-03,2783.3,2970.0,2753.3,2940.0,1100700.0
2014-07-02,2776.7,2820.0,2733.3,2733.3,213300.0
2014-07-01,2710.0,2830.0,2706.7,2793.3,305700.0
2014-06-30,2760.0,2810.0,2646.7,2723.3,359100.0
2014-06-27,2796.7,2796.7,2550.0,2640.0,511800.0
2014-06-26,2866.7,2933.3,2833.3,2836.7,541800.0
2014-06-25,2973.3,3200.0,2860.0,2903.3,2411700.0
2014-06-24,3026.7,3086.7,2933.3,2956.7,1382100.0
2014-06-23,2926.7,3076.7,2903.3,2976.7,1206600.0
2014-06-20,3066.7,3096.7,2836.7,2883.3,914100.0
2014-06-19,3186.7,3276.7,2966.7,2980.0,2724900.0
2014-06-18,2766.7,3283.3,2700.0,3233.3,4905900.0
2014-06-17,3000.0,3010.0,2666.7,2806.7,3121800.0
2014-06-16,3203.3,3380.0,2986.7,3100.0,5958300.0
2014-06-13,2433.3,2953.3,2410.0,2953.3,5461200.0
2014-06-12,2753.3,3086.7,2396.7,2453.3,9821100.0
2014-06-11,2436.7,2603.3,2403.3,2603.3,7203900.0
2014-06-10,2023.3,2270.0,1883.3,2270.0,8548200.0
2014-06-09,1666.7,2043.3,1640.0,1936.7,5118900.0
2014-06-06,1700.0,1823.3,1673.3,1716.7,3635400.0
2014-06-05,1465.0,1620.0,1448.3,1620.0,4073100.0
2014-06-04,1406.7,1416.7,1341.7,1386.7,468300.0
2014-06-03,1476.7,1480.0,1401.7,1435.0,576900.0
2014-06-02,1425.0,1460.0,1401.7,1421.7,564300.0
2014-05-30,1470.0,1485.0,1333.3,1416.7,1396500.0
2014-05-29,1268.3,1455.0,1255.0,1378.3,2130000.0
2014-05-28,1235.0,1283.3,1213.3,1245.0,359400.0
2014-05-27,1296.7,1298.3,1240.0,1258.3,320700.0
2014-05-26,1258.3,1340.0,1238.3,1261.7,717900.0
2014-05-23,1278.3,1378.3,1200.0,1211.7,2859900.0
2014-05-22,988.0,1153.3,986.7,1153.3,924300.0
2014-05-21,933.3,1038.3,903.7,986.0,369000.0
2014-05-20,976.0,981.0,929.7,938.3,184500.0
2014-05-19,1020.0,1026.7,918.7,929.7,298800.0
2014-05-16,1051.7,1083.3,1001.7,1016.7,291000.0
2014-05-15,1043.3,1101.7,1025.0,1098.3,498600.0
2014-05-14,1050.0,1141.7,976.7,1093.3,979200.0
2014-05-13,1126.7,1156.7,1043.3,1060.0,911100.0
2014-05-12,1208.3,1215.0,1041.7,1058.3,870000.0
2014-05-09,1346.7,1376.7,1231.7,1266.7,1076100.0
2014-05-08,1385.0,1545.0,1328.3,1426.7,5388000.0
2014-05-07,1203.3,1315.0,1113.3,1315.0,4130400.0
2014-05-02,1081.7,1081.7,1070.0,1081.7,357900.0
2014-05-01,830.0,914.7,823.3,914.7,219900.0
2014-04-30,817.0,817.3,733.3,748.0,144300.0
2014-04-28,845.3,845.3,817.0,817.0,57300.0
2014-04-25,850.0,867.7,841.7,849.0,71100.0
2014-04-24,893.3,913.3,880.0,880.0,78600.0
2014-04-23,880.3,896.3,855.0,876.7,118200.0
2014-04-22,905.3,913.0,883.3,883.3,204000.0
2014-04-21,959.7,975.7,933.3,938.7,146400.0
2014-04-18,950.0,998.3,950.0,976.3,353400.0
2014-04-17,859.7,1016.7,856.3,919.3,607500.0
2014-04-16,876.7,889.7,873.3,876.3,124500.0
2014-04-15,943.3,944.7,857.7,870.0,179100.0
2014-04-14,941.7,966.3,906.7,910.0,225300.0
2014-04-11,980.0,980.0,940.3,973.3,187200.0
2014-04-10,1105.0,1105.0,966.3,1000.0,285300.0
2014-04-09,1108.3,1108.3,1075.0,1081.7,194400.0
2014-04-08,1170.0,1170.0,1136.7,1138.3,153000.0
2014-04-07,1160.0,1195.0,1136.7,1183.3,239100.0
2014-04-04,1168.3,1226.7,1160.0,1173.3,534600.0
2014-04-03,1193.3,1331.7,1180.0,1233.3,1635000.0
2014-04-02,1155.0,1191.7,1133.3,1160.0,593100.0
2014-04-01,1196.7,1200.0,1120.0,1156.7,490800.0
2014-03-31,1280.0,1280.0,1110.0,1150.0,915900.0
2014-03-28,1250.0,1296.7,1188.3,1246.7,2087700.0
2014-03-27,1343.3,1343.3,1343.3,1343.3,39000.0
2014-03-26,2043.3,2133.3,1676.7,1676.7,1157100.0
2014-03-25,2176.7,2300.0,1926.7,2010.0,2693700.0
2014-03-24,1870.0,2143.3,1783.3,2143.3,983700.0
2014-03-20,2036.7,2040.0,1776.7,1810.0,606900.0
2014-03-19,2050.0,2110.0,1903.3,2056.7,676800.0
2014-03-18,2113.3,2156.7,1983.3,2043.3,1233600.0
2014-03-17,2166.7,2356.7,1886.7,2046.7,2344500.0
2014-03-14,1773.3,2046.7,1770.0,2046.7,948600.0
2014-03-13,1736.7,2096.7,1710.0,1853.3,1343700.0
2014-03-12,1876.7,1933.3,1816.7,1836.7,287100.0
2014-03-11,1916.7,2030.0,1806.7,1896.7,854400.0
2014-03-10,2133.3,2216.7,1883.3,1950.0,1161600.0
2014-03-07,2143.3,2376.7,1910.0,2100.0,3648000.0
2014-03-06,1720.0,2043.3,1720.0,2043.3,1396800.0
